family,horizon,coverage,activation,trigger_bps,target_bps,stop_bps,split,cost_bps,trade_count,trades_per_day,mean_net_bps,median_net_bps,win_rate,profit_factor,daily_sharpe,max_drawdown,mean_daily_return,standard_error,t_stat,p_value,p_value_two_sided,effective_sample_size,cost_break_even_bps
barrier_a5_k5_t40_s20,30,0.05,5,5,40,20,development,0.0,786,3.949748743718593,8.383571604104752,-19.999999999998764,0.4681933842239186,1.7901748466587581,7.9484731418385834,-0.016868347500307523,0.0033113001411187613,0.000768276087186508,4.310039315742629,8.161276224317178e-06,1.6322552448634355e-05,199,8.383571604104752
barrier_a5_k5_t40_s20,30,0.05,5,5,40,20,development,12.0,786,3.949748743718593,-3.6164283958952463,-31.999999999998764,0.4643765903307888,0.787391207747338,-4.413937475809547,-0.26466147728691747,-0.0014283983513435497,0.0004890815893560354,-2.9205727273935933,0.9982530568107755,0.0034938863784491035,199,8.383571604104752
barrier_a5_k5_t40_s20,30,0.05,5,5,40,20,development,30.0,786,3.949748743718593,-21.616428395895245,-49.999999999998764,0.4592875318066158,0.19018339602544204,-11.233326794651934,-0.8233155208293923,-0.008537946090037017,0.0019007684805081636,-4.491839052252397,0.9999964694610938,7.0610778124067075e-06,199,8.383571604104752
barrier_a5_k5_t40_s20,30,0.05,5,5,40,20,confirmation,0.0,234,2.5714285714285716,7.848603018273699,-19.999999999998764,0.4700854700854701,1.7509846323372678,6.305089429093018,-0.009976000000000429,0.002018212204698951,0.0008738683675094679,2.3095151166197634,0.010457506913127974,0.02091501382625595,91,7.848603018273699
barrier_a5_k5_t40_s20,30,0.05,5,5,40,20,confirmation,12.0,234,2.5714285714285716,-4.151396981726299,-31.999999999998764,0.46153846153846156,0.7536794232033145,-5.868469466624294,-0.08755337841791988,-0.0010675020810153343,0.0003914635858985514,-2.7269511634524792,0.9968038750446735,0.006392249910652904,91,7.848603018273699
barrier_a5_k5_t40_s20,30,0.05,5,5,40,20,confirmation,30.0,234,2.5714285714285716,-22.151396981726297,-49.999999999998764,0.4444444444444444,0.17228994807169173,-10.62438588755207,-0.39680870559355685,-0.005696073509586762,0.0019143504841329032,-2.975460113912617,0.9985372530437318,0.0029254939125365363,91,7.848603018273699
barrier_a5_k5_t40_s20,30,0.05,5,5,40,20,final,0.0,120,1.7142857142857142,4.455597929523146,-19.99999999999988,0.4166666666666667,1.3819083939591237,3.6869794135374874,-0.029638116166773698,0.0007638167879182533,0.0006376200161456319,1.1979184601755006,0.11547438117920611,0.23094876235841222,70,4.455597929523146
barrier_a5_k5_t40_s20,30,0.05,5,5,40,20,final,12.0,120,1.7142857142857142,-7.544402070476852,-31.99999999999988,0.4083333333333333,0.597223448293451,-7.127852201306179,-0.0932498816130416,-0.0012933260692246037,0.0004111958987935901,-3.1452795930579565,0.9991703591488424,0.0016592817023152121,70,4.455597929523146
barrier_a5_k5_t40_s20,30,0.05,5,5,40,20,final,30.0,120,1.7142857142857142,-25.54440207047685,-49.99999999999988,0.39166666666666666,0.13475977157972216,-13.166336364540523,-0.26107758811230475,-0.00437904035493889,0.00102455369005287,-4.274095537846258,0.9999904042630962,1.9191473807697022e-05,70,4.455597929523146
barrier_a5_k5_t40_s30,30,0.05,5,5,40,30,development,0.0,786,3.949748743718593,7.402126969279254,39.999999999998764,0.5305343511450382,1.534511502230873,6.322330142189919,-0.017333345947571077,0.0029236541697756253,0.0007143637661495957,4.092668621106099,2.1321846594016504e-05,4.264369318803301e-05,199,7.402126969279254
barrier_a5_k5_t40_s30,30,0.05,5,5,40,30,development,12.0,786,3.949748743718593,-4.597873030720746,27.999999999998764,0.5254452926208651,0.7643543933667059,-4.258758948265559,-0.3244095703733575,-0.0018160443226866861,0.0006054859103238753,-2.9993172288935366,0.9986470729294099,0.0027058541411802833,199,7.402126969279254
barrier_a5_k5_t40_s30,30,0.05,5,5,40,30,development,30.0,786,3.949748743718593,-22.597873030720745,9.999999999998764,0.5114503816793893,0.1985451635935685,-10.592487690046193,-0.8374245569762437,-0.008925592061380156,0.0020127967151479416,-4.434423006659229,0.999995384039772,9.231920456124418e-06,199,7.402126969279254
barrier_a5_k5_t40_s30,30,0.05,5,5,40,30,confirmation,0.0,234,2.5714285714285716,7.673794189419236,25.3859182366195,0.5470085470085471,1.5910648447583489,5.979640449659968,-0.01701223347681491,0.0019732613629935176,0.0008714764291227911,2.264273934499593,0.011778635851544334,0.02355727170308867,91,7.673794189419236
barrier_a5_k5_t40_s30,30,0.05,5,5,40,30,confirmation,12.0,234,2.5714285714285716,-4.326205810580766,13.3859182366195,0.5256410256410257,0.7670709461079,-5.1277717339263225,-0.09865753283242018,-0.0011124529227207682,0.0005076920806149341,-2.191196130877848,0.98578119876007,0.028437602479860154,91,7.673794189419236
barrier_a5_k5_t40_s30,30,0.05,5,5,40,30,confirmation,30.0,234,2.5714285714285716,-22.326205810580767,-4.614081763380501,0.49572649572649574,0.18652856854173108,-10.266225969203793,-0.4013774409105758,-0.005741024351292196,0.001982994877959063,-2.895128179655698,0.9981049813211278,0.0037900373577444755,91,7.673794189419236
barrier_a5_k5_t40_s30,30,0.05,5,5,40,30,final,0.0,120,1.7142857142857142,8.454771569681894,36.9285876942631,0.5583333333333333,1.6755474161655992,5.622750956553747,-0.02543050178261841,0.0014493894119454673,0.0008871432319581106,1.6337715937327977,0.051153409515204036,0.10230681903040807,70,8.454771569681894
barrier_a5_k5_t40_s30,30,0.05,5,5,40,30,final,12.0,120,1.7142857142857142,-3.5452284303181085,24.9285876942631,0.5333333333333333,0.8027481114140937,-3.0955297439906397,-0.07577795150784361,-0.0006077534451973897,0.0005306414476806613,-1.1453184591097645,0.8739613689275001,0.2520772621449999,70,8.454771569681894
barrier_a5_k5_t40_s30,30,0.05,5,5,40,30,final,30.0,120,1.7142857142857142,-21.545228430318108,6.928587694263101,0.5083333333333333,0.19122102373885969,-12.353893686221511,-0.22409802642770538,-0.003693467730911676,0.0008719290207932999,-4.2359729322362485,0.9999886217904379,2.2756419124173183e-05,70,8.454771569681894
barrier_a15_k5_t40_s20,30,0.05,15,5,40,20,development,0.0,786,3.949748743718593,8.383571604104752,-19.999999999998764,0.4681933842239186,1.7901748466587581,7.9484731418385834,-0.016868347500307523,0.0033113001411187613,0.000768276087186508,4.310039315742629,8.161276224317178e-06,1.6322552448634355e-05,199,8.383571604104752
barrier_a15_k5_t40_s20,30,0.05,15,5,40,20,development,12.0,786,3.949748743718593,-3.6164283958952463,-31.999999999998764,0.4643765903307888,0.787391207747338,-4.413937475809547,-0.26466147728691747,-0.0014283983513435497,0.0004890815893560354,-2.9205727273935933,0.9982530568107755,0.0034938863784491035,199,8.383571604104752
barrier_a15_k5_t40_s20,30,0.05,15,5,40,20,development,30.0,786,3.949748743718593,-21.616428395895245,-49.999999999998764,0.4592875318066158,0.19018339602544204,-11.233326794651934,-0.8233155208293923,-0.008537946090037017,0.0019007684805081636,-4.491839052252397,0.9999964694610938,7.0610778124067075e-06,199,8.383571604104752
barrier_a15_k5_t40_s20,30,0.05,15,5,40,20,confirmation,0.0,234,2.5714285714285716,7.848603018273699,-19.999999999998764,0.4700854700854701,1.7509846323372678,6.305089429093018,-0.009976000000000429,0.002018212204698951,0.0008738683675094679,2.3095151166197634,0.010457506913127974,0.02091501382625595,91,7.848603018273699
barrier_a15_k5_t40_s20,30,0.05,15,5,40,20,confirmation,12.0,234,2.5714285714285716,-4.151396981726299,-31.999999999998764,0.46153846153846156,0.7536794232033145,-5.868469466624294,-0.08755337841791988,-0.0010675020810153343,0.0003914635858985514,-2.7269511634524792,0.9968038750446735,0.006392249910652904,91,7.848603018273699
barrier_a15_k5_t40_s20,30,0.05,15,5,40,20,confirmation,30.0,234,2.5714285714285716,-22.151396981726297,-49.999999999998764,0.4444444444444444,0.17228994807169173,-10.62438588755207,-0.39680870559355685,-0.005696073509586762,0.0019143504841329032,-2.975460113912617,0.9985372530437318,0.0029254939125365363,91,7.848603018273699
barrier_a15_k5_t40_s20,30,0.05,15,5,40,20,final,0.0,120,1.7142857142857142,4.455597929523146,-19.99999999999988,0.4166666666666667,1.3819083939591237,3.6869794135374874,-0.029638116166773698,0.0007638167879182533,0.0006376200161456319,1.1979184601755006,0.11547438117920611,0.23094876235841222,70,4.455597929523146
barrier_a15_k5_t40_s20,30,0.05,15,5,40,20,final,12.0,120,1.7142857142857142,-7.544402070476852,-31.99999999999988,0.4083333333333333,0.597223448293451,-7.127852201306179,-0.0932498816130416,-0.0012933260692246037,0.0004111958987935901,-3.1452795930579565,0.9991703591488424,0.0016592817023152121,70,4.455597929523146
barrier_a15_k5_t40_s20,30,0.05,15,5,40,20,final,30.0,120,1.7142857142857142,-25.54440207047685,-49.99999999999988,0.39166666666666666,0.13475977157972216,-13.166336364540523,-0.26107758811230475,-0.00437904035493889,0.00102455369005287,-4.274095537846258,0.9999904042630962,1.9191473807697022e-05,70,4.455597929523146
barrier_a15_k5_t40_s30,30,0.05,15,5,40,30,development,0.0,786,3.949748743718593,7.402126969279254,39.999999999998764,0.5305343511450382,1.534511502230873,6.322330142189919,-0.017333345947571077,0.0029236541697756253,0.0007143637661495957,4.092668621106099,2.1321846594016504e-05,4.264369318803301e-05,199,7.402126969279254
barrier_a15_k5_t40_s30,30,0.05,15,5,40,30,development,12.0,786,3.949748743718593,-4.597873030720746,27.999999999998764,0.5254452926208651,0.7643543933667059,-4.258758948265559,-0.3244095703733575,-0.0018160443226866861,0.0006054859103238753,-2.9993172288935366,0.9986470729294099,0.0027058541411802833,199,7.402126969279254
barrier_a15_k5_t40_s30,30,0.05,15,5,40,30,development,30.0,786,3.949748743718593,-22.597873030720745,9.999999999998764,0.5114503816793893,0.1985451635935685,-10.592487690046193,-0.8374245569762437,-0.008925592061380156,0.0020127967151479416,-4.434423006659229,0.999995384039772,9.231920456124418e-06,199,7.402126969279254
barrier_a15_k5_t40_s30,30,0.05,15,5,40,30,confirmation,0.0,234,2.5714285714285716,7.673794189419236,25.3859182366195,0.5470085470085471,1.5910648447583489,5.979640449659968,-0.01701223347681491,0.0019732613629935176,0.0008714764291227911,2.264273934499593,0.011778635851544334,0.02355727170308867,91,7.673794189419236
barrier_a15_k5_t40_s30,30,0.05,15,5,40,30,confirmation,12.0,234,2.5714285714285716,-4.326205810580766,13.3859182366195,0.5256410256410257,0.7670709461079,-5.1277717339263225,-0.09865753283242018,-0.0011124529227207682,0.0005076920806149341,-2.191196130877848,0.98578119876007,0.028437602479860154,91,7.673794189419236
barrier_a15_k5_t40_s30,30,0.05,15,5,40,30,confirmation,30.0,234,2.5714285714285716,-22.326205810580767,-4.614081763380501,0.49572649572649574,0.18652856854173108,-10.266225969203793,-0.4013774409105758,-0.005741024351292196,0.001982994877959063,-2.895128179655698,0.9981049813211278,0.0037900373577444755,91,7.673794189419236
barrier_a15_k5_t40_s30,30,0.05,15,5,40,30,final,0.0,120,1.7142857142857142,8.454771569681894,36.9285876942631,0.5583333333333333,1.6755474161655992,5.622750956553747,-0.02543050178261841,0.0014493894119454673,0.0008871432319581106,1.6337715937327977,0.051153409515204036,0.10230681903040807,70,8.454771569681894
barrier_a15_k5_t40_s30,30,0.05,15,5,40,30,final,12.0,120,1.7142857142857142,-3.5452284303181085,24.9285876942631,0.5333333333333333,0.8027481114140937,-3.0955297439906397,-0.07577795150784361,-0.0006077534451973897,0.0005306414476806613,-1.1453184591097645,0.8739613689275001,0.2520772621449999,70,8.454771569681894
barrier_a15_k5_t40_s30,30,0.05,15,5,40,30,final,30.0,120,1.7142857142857142,-21.545228430318108,6.928587694263101,0.5083333333333333,0.19122102373885969,-12.353893686221511,-0.22409802642770538,-0.003693467730911676,0.0008719290207932999,-4.2359729322362485,0.9999886217904379,2.2756419124173183e-05,70,8.454771569681894
barrier_a5_k5_t40_s30,60,0.05,5,5,40,30,development,0.0,443,2.2261306532663316,6.198043987839507,39.999999999998764,0.5124153498871332,1.423724303489643,4.241237476782051,-0.023885243728505867,0.001379765571162262,0.0005116596207722208,2.696647370921815,0.003502069873417411,0.007004139746834822,199,6.198043987839507
barrier_a5_k5_t40_s30,60,0.05,5,5,40,30,development,12.0,443,2.2261306532663316,-5.801956012160495,27.999999999998764,0.5124153498871332,0.7166813807994831,-4.585406761428888,-0.23329564492695098,-0.0012915912127573362,0.00038494252508824067,-3.3552832658882354,0.9996035812243942,0.0007928375512116568,199,6.198043987839507
barrier_a5_k5_t40_s30,60,0.05,5,5,40,30,development,30.0,443,2.2261306532663316,-23.801956012160492,9.999999999998764,0.510158013544018,0.18723494699983856,-11.99660520028254,-0.655419972905806,-0.005298626388636734,0.0010433646747800365,-5.078403090227103,0.9999998096897541,3.8062049185063925e-07,199,6.198043987839507
barrier_a5_k5_t40_s30,60,0.05,5,5,40,30,confirmation,0.0,144,1.5824175824175823,7.850347253519113,39.999999999998764,0.5347222222222222,1.5743649654612442,4.782565388134268,-0.011642151312362903,0.0012422527522052225,0.0005310490814242351,2.3392428226663924,0.009661434996779562,0.019322869993559123,91,7.850347253519113
barrier_a5_k5_t40_s30,60,0.05,5,5,40,30,confirmation,12.0,144,1.5824175824175823,-4.1496527464808874,27.999999999998764,0.5277777777777778,0.784696461770873,-2.7437752504809,-0.057516460620889776,-0.0006566483466958765,0.0004283702291437785,-1.5328991186161036,0.9373496434548839,0.12530071309023222,91,7.850347253519113
barrier_a5_k5_t40_s30,60,0.05,5,5,40,30,confirmation,30.0,144,1.5824175824175823,-22.14965274648089,9.999999999998764,0.5277777777777778,0.20248968486109994,-9.480135457396488,-0.2670971418218715,-0.0035049999950475244,0.0011058388132081833,-3.1695396771967697,0.9992365969458269,0.0015268061083461833,91,7.850347253519113
barrier_a5_k5_t40_s30,60,0.05,5,5,40,30,final,0.0,80,1.1267605633802817,5.015672996211542,4.45331455781143,0.5125,1.3429519997409578,3.2145261756745804,-0.013925400631934481,0.0005651462530942583,0.00037152066027802184,1.5211704583840364,0.0641085333866355,0.128217066773271,71,5.015672996211542
barrier_a5_k5_t40_s30,60,0.05,5,5,40,30,final,12.0,80,1.1267605633802817,-6.984327003788461,-7.54668544218857,0.4875,0.6619996364729511,-4.461160479936834,-0.061287213868963186,-0.0007869664229620798,0.00038563317960254315,-2.0407124298100463,0.979360290428591,0.041279419142818005,71,5.015672996211542
barrier_a5_k5_t40_s30,60,0.05,5,5,40,30,final,30.0,80,1.1267605633802817,-24.984327003788458,-25.54668544218857,0.475,0.1703159171814883,-10.19758451270305,-0.17972963561132516,-0.0028151354370465876,0.0008484643610884602,-3.3179183076530943,0.9995465449759073,0.0009069100481853506,71,5.015672996211542
barrier_a5_k5_t50_s20,60,0.05,5,5,50,20,development,0.0,443,2.2261306532663316,7.377168192272436,-19.99999999999988,0.38826185101580135,1.6029678061211565,6.0792516066810025,-0.015916144000000187,0.001642254024711904,0.00040021548129442607,4.103424533704504,2.035396390224339e-05,4.070792780448678e-05,199,7.377168192272436
barrier_a5_k5_t50_s20,60,0.05,5,5,50,20,development,12.0,443,2.2261306532663316,-4.62283180772756,-31.99999999999988,0.3860045146726862,0.7639177777113517,-4.034079041352211,-0.19733681762374378,-0.0010291027592076935,0.00046220120507133624,-2.2265254783333193,0.9870104978315262,0.025979004336947553,199,7.377168192272436
barrier_a5_k5_t50_s20,60,0.05,5,5,50,20,development,30.0,443,2.2261306532663316,-22.62283180772756,-49.99999999999988,0.3860045146726862,0.2614970515055115,-10.980569762101027,-0.6374193137517743,-0.0050361379350870915,0.0011859774522280507,-4.246402767291984,0.9999891385006953,2.1722998609425253e-05,199,7.377168192272436
barrier_a5_k5_t50_s20,60,0.05,5,5,50,20,confirmation,0.0,144,1.5824175824175823,7.5158611741785855,-19.99999999999988,0.3958333333333333,1.6220023040699492,5.020633604477787,-0.010519561745251482,0.001189323086902985,0.0005475090776397946,2.1722435946266425,0.01491864702162067,0.02983729404324134,91,7.5158611741785855
barrier_a5_k5_t50_s20,60,0.05,5,5,50,20,confirmation,12.0,144,1.5824175824175823,-4.484138825821414,-31.99999999999988,0.3958333333333333,0.7680617848713068,-3.564248944668461,-0.06069930172292515,-0.000709578011998114,0.0003155082444334771,-2.248999905762285,0.9877437489667062,0.024512502066587546,91,7.5158611741785855
barrier_a5_k5_t50_s20,60,0.05,5,5,50,20,confirmation,30.0,144,1.5824175824175823,-22.484138825821415,-49.99999999999988,0.3819444444444444,0.257911846128524,-10.746258729387273,-0.272489303880576,-0.003557929660349762,0.0009931570287195295,-3.582444223283579,0.999829802844336,0.0003403943113279623,91,7.5158611741785855
barrier_a5_k5_t50_s20,60,0.05,5,5,50,20,final,0.0,80,1.1267605633802817,8.082818253914954,-19.99999999999988,0.4125,1.6878994258650957,5.639889939779019,-0.010936453783279787,0.0009107400849481638,0.0004252865864890553,2.141473805855858,0.016117924318682558,0.032235848637365117,71,8.082818253914954
barrier_a5_k5_t50_s20,60,0.05,5,5,50,20,final,12.0,80,1.1267605633802817,-3.9171817460850447,-31.99999999999988,0.4,0.7927035582895926,-2.9277872594291723,-0.04129183705399564,-0.00044137259110817417,0.0003827800068061156,-1.1530711721099285,0.8755594135235013,0.2488811729529974,71,8.082818253914954
barrier_a5_k5_t50_s20,60,0.05,5,5,50,20,final,30.0,80,1.1267605633802817,-21.917181746085042,-49.99999999999988,0.3875,0.2674962798032769,-9.879903083748315,-0.16250319787274925,-0.0024695416051926807,0.00080631824584739,-3.0627380912078297,0.9989033903758234,0.002193219248353183,71,8.082818253914954
barrier_a5_k5_t50_s30,60,0.05,5,5,50,30,development,0.0,443,2.2261306532663316,6.485605047339622,-29.99999999999864,0.45372460496614,1.3972991867769486,4.341512677818335,-0.024781782028000188,0.001443780420086157,0.0004917558012501322,2.93597028528348,0.0016625308591202283,0.0033250617182404565,199,6.485605047339622
barrier_a5_k5_t50_s30,60,0.05,5,5,50,30,development,12.0,443,2.2261306532663316,-5.514394952660381,-41.999999999998636,0.45146726862302483,0.7590427517610366,-4.072056058998832,-0.22763711887748483,-0.001227576363833441,0.0004301102867946114,-2.8540967317520587,0.9978420306167793,0.004315938766441423,199,6.485605047339622
barrier_a5_k5_t50_s30,60,0.05,5,5,50,30,development,30.0,443,2.2261306532663316,-23.51439495266038,-59.999999999998636,0.4492099322799097,0.28285805033388134,-11.242478545649641,-0.6516075549754479,-0.005234611539712839,0.0011002739757625603,-4.75755280505014,0.9999990202299646,1.9595400709086422e-06,199,6.485605047339622
barrier_a5_k5_t50_s30,60,0.05,5,5,50,30,confirmation,0.0,144,1.5824175824175823,9.256250051819144,-9.086837189780084,0.4930555555555556,1.620480561399172,4.864255666350977,-0.013000000000000234,0.0014647252829252274,0.0006348181525723111,2.3073147435845933,0.010518640094273819,0.021037280188547638,91,9.256250051819144
barrier_a5_k5_t50_s30,60,0.05,5,5,50,30,confirmation,12.0,144,1.5824175824175823,-2.743749948180857,-21.086837189780084,0.4861111111111111,0.8694912860982779,-1.6169071416210963,-0.05805332555113685,-0.00043417581597587175,0.0004698704785108225,-0.9240329746868134,0.8222654260873817,0.35546914782523653,91,9.256250051819144
barrier_a5_k5_t50_s30,60,0.05,5,5,50,30,confirmation,30.0,144,1.5824175824175823,-20.74374994818086,-39.086837189780084,0.4722222222222222,0.31682270932956186,-8.805775920367198,-0.25282611789017984,-0.00328252746432752,0.0010651765460547964,-3.0816745604147533,0.9989708012685131,0.0020583974629738546,91,9.256250051819144
barrier_a5_k5_t50_s30,60,0.05,5,5,50,30,final,0.0,80,1.1267605633802817,6.216289358466023,-29.999999999999197,0.475,1.3946850386327612,3.552895415336034,-0.019841848228142944,0.0007004269699680024,0.0004821080418881536,1.4528423280906348,0.07313376827102551,0.14626753654205102,71,6.216289358466023
barrier_a5_k5_t50_s30,60,0.05,5,5,50,30,final,12.0,80,1.1267605633802817,-5.783710641533979,-41.9999999999992,0.45,0.7399254817678781,-3.3362598782787973,-0.0588823676231508,-0.0006516857060883357,0.00048696628984294844,-1.3382563016805762,0.9095935492999301,0.18081290140013995,71,6.216289358466023
barrier_a5_k5_t50_s30,60,0.05,5,5,50,30,final,30.0,80,1.1267605633802817,-23.78371064153398,-59.9999999999992,0.425,0.2690356832738377,-9.366037989196201,-0.1743264354372247,-0.0026798547201728434,0.000894063181805474,-2.9973885232150335,0.9986384828571798,0.002723034285640441,71,6.216289358466023
barrier_a15_k5_t40_s30,60,0.05,15,5,40,30,development,0.0,443,2.2261306532663316,6.198043987839507,39.999999999998764,0.5124153498871332,1.423724303489643,4.241237476782051,-0.023885243728505867,0.001379765571162262,0.0005116596207722208,2.696647370921815,0.003502069873417411,0.007004139746834822,199,6.198043987839507
barrier_a15_k5_t40_s30,60,0.05,15,5,40,30,development,12.0,443,2.2261306532663316,-5.801956012160495,27.999999999998764,0.5124153498871332,0.7166813807994831,-4.585406761428888,-0.23329564492695098,-0.0012915912127573362,0.00038494252508824067,-3.3552832658882354,0.9996035812243942,0.0007928375512116568,199,6.198043987839507
barrier_a15_k5_t40_s30,60,0.05,15,5,40,30,development,30.0,443,2.2261306532663316,-23.801956012160492,9.999999999998764,0.510158013544018,0.18723494699983856,-11.99660520028254,-0.655419972905806,-0.005298626388636734,0.0010433646747800365,-5.078403090227103,0.9999998096897541,3.8062049185063925e-07,199,6.198043987839507
barrier_a15_k5_t40_s30,60,0.05,15,5,40,30,confirmation,0.0,144,1.5824175824175823,7.850347253519113,39.999999999998764,0.5347222222222222,1.5743649654612442,4.782565388134268,-0.011642151312362903,0.0012422527522052225,0.0005310490814242351,2.3392428226663924,0.009661434996779562,0.019322869993559123,91,7.850347253519113
barrier_a15_k5_t40_s30,60,0.05,15,5,40,30,confirmation,12.0,144,1.5824175824175823,-4.1496527464808874,27.999999999998764,0.5277777777777778,0.784696461770873,-2.7437752504809,-0.057516460620889776,-0.0006566483466958765,0.0004283702291437785,-1.5328991186161036,0.9373496434548839,0.12530071309023222,91,7.850347253519113
barrier_a15_k5_t40_s30,60,0.05,15,5,40,30,confirmation,30.0,144,1.5824175824175823,-22.14965274648089,9.999999999998764,0.5277777777777778,0.20248968486109994,-9.480135457396488,-0.2670971418218715,-0.0035049999950475244,0.0011058388132081833,-3.1695396771967697,0.9992365969458269,0.0015268061083461833,91,7.850347253519113
barrier_a15_k5_t40_s30,60,0.05,15,5,40,30,final,0.0,80,1.1267605633802817,5.015672996211542,4.45331455781143,0.5125,1.3429519997409578,3.2145261756745804,-0.013925400631934481,0.0005651462530942583,0.00037152066027802184,1.5211704583840364,0.0641085333866355,0.128217066773271,71,5.015672996211542
barrier_a15_k5_t40_s30,60,0.05,15,5,40,30,final,12.0,80,1.1267605633802817,-6.984327003788461,-7.54668544218857,0.4875,0.6619996364729511,-4.461160479936834,-0.061287213868963186,-0.0007869664229620798,0.00038563317960254315,-2.0407124298100463,0.979360290428591,0.041279419142818005,71,5.015672996211542
barrier_a15_k5_t40_s30,60,0.05,15,5,40,30,final,30.0,80,1.1267605633802817,-24.984327003788458,-25.54668544218857,0.475,0.1703159171814883,-10.19758451270305,-0.17972963561132516,-0.0028151354370465876,0.0008484643610884602,-3.3179183076530943,0.9995465449759073,0.0009069100481853506,71,5.015672996211542
barrier_a15_k5_t50_s20,60,0.05,15,5,50,20,development,0.0,443,2.2261306532663316,7.377168192272436,-19.99999999999988,0.38826185101580135,1.6029678061211565,6.0792516066810025,-0.015916144000000187,0.001642254024711904,0.00040021548129442607,4.103424533704504,2.035396390224339e-05,4.070792780448678e-05,199,7.377168192272436
barrier_a15_k5_t50_s20,60,0.05,15,5,50,20,development,12.0,443,2.2261306532663316,-4.62283180772756,-31.99999999999988,0.3860045146726862,0.7639177777113517,-4.034079041352211,-0.19733681762374378,-0.0010291027592076935,0.00046220120507133624,-2.2265254783333193,0.9870104978315262,0.025979004336947553,199,7.377168192272436
barrier_a15_k5_t50_s20,60,0.05,15,5,50,20,development,30.0,443,2.2261306532663316,-22.62283180772756,-49.99999999999988,0.3860045146726862,0.2614970515055115,-10.980569762101027,-0.6374193137517743,-0.0050361379350870915,0.0011859774522280507,-4.246402767291984,0.9999891385006953,2.1722998609425253e-05,199,7.377168192272436
barrier_a15_k5_t50_s20,60,0.05,15,5,50,20,confirmation,0.0,144,1.5824175824175823,7.5158611741785855,-19.99999999999988,0.3958333333333333,1.6220023040699492,5.020633604477787,-0.010519561745251482,0.001189323086902985,0.0005475090776397946,2.1722435946266425,0.01491864702162067,0.02983729404324134,91,7.5158611741785855
barrier_a15_k5_t50_s20,60,0.05,15,5,50,20,confirmation,12.0,144,1.5824175824175823,-4.484138825821414,-31.99999999999988,0.3958333333333333,0.7680617848713068,-3.564248944668461,-0.06069930172292515,-0.000709578011998114,0.0003155082444334771,-2.248999905762285,0.9877437489667062,0.024512502066587546,91,7.5158611741785855
barrier_a15_k5_t50_s20,60,0.05,15,5,50,20,confirmation,30.0,144,1.5824175824175823,-22.484138825821415,-49.99999999999988,0.3819444444444444,0.257911846128524,-10.746258729387273,-0.272489303880576,-0.003557929660349762,0.0009931570287195295,-3.582444223283579,0.999829802844336,0.0003403943113279623,91,7.5158611741785855
barrier_a15_k5_t50_s20,60,0.05,15,5,50,20,final,0.0,80,1.1267605633802817,8.082818253914954,-19.99999999999988,0.4125,1.6878994258650957,5.639889939779019,-0.010936453783279787,0.0009107400849481638,0.0004252865864890553,2.141473805855858,0.016117924318682558,0.032235848637365117,71,8.082818253914954
barrier_a15_k5_t50_s20,60,0.05,15,5,50,20,final,12.0,80,1.1267605633802817,-3.9171817460850447,-31.99999999999988,0.4,0.7927035582895926,-2.9277872594291723,-0.04129183705399564,-0.00044137259110817417,0.0003827800068061156,-1.1530711721099285,0.8755594135235013,0.2488811729529974,71,8.082818253914954
barrier_a15_k5_t50_s20,60,0.05,15,5,50,20,final,30.0,80,1.1267605633802817,-21.917181746085042,-49.99999999999988,0.3875,0.2674962798032769,-9.879903083748315,-0.16250319787274925,-0.0024695416051926807,0.00080631824584739,-3.0627380912078297,0.9989033903758234,0.002193219248353183,71,8.082818253914954
barrier_a15_k5_t50_s30,60,0.05,15,5,50,30,development,0.0,443,2.2261306532663316,6.485605047339622,-29.99999999999864,0.45372460496614,1.3972991867769486,4.341512677818335,-0.024781782028000188,0.001443780420086157,0.0004917558012501322,2.93597028528348,0.0016625308591202283,0.0033250617182404565,199,6.485605047339622
barrier_a15_k5_t50_s30,60,0.05,15,5,50,30,development,12.0,443,2.2261306532663316,-5.514394952660381,-41.999999999998636,0.45146726862302483,0.7590427517610366,-4.072056058998832,-0.22763711887748483,-0.001227576363833441,0.0004301102867946114,-2.8540967317520587,0.9978420306167793,0.004315938766441423,199,6.485605047339622
barrier_a15_k5_t50_s30,60,0.05,15,5,50,30,development,30.0,443,2.2261306532663316,-23.51439495266038,-59.999999999998636,0.4492099322799097,0.28285805033388134,-11.242478545649641,-0.6516075549754479,-0.005234611539712839,0.0011002739757625603,-4.75755280505014,0.9999990202299646,1.9595400709086422e-06,199,6.485605047339622
barrier_a15_k5_t50_s30,60,0.05,15,5,50,30,confirmation,0.0,144,1.5824175824175823,9.256250051819144,-9.086837189780084,0.4930555555555556,1.620480561399172,4.864255666350977,-0.013000000000000234,0.0014647252829252274,0.0006348181525723111,2.3073147435845933,0.010518640094273819,0.021037280188547638,91,9.256250051819144
barrier_a15_k5_t50_s30,60,0.05,15,5,50,30,confirmation,12.0,144,1.5824175824175823,-2.743749948180857,-21.086837189780084,0.4861111111111111,0.8694912860982779,-1.6169071416210963,-0.05805332555113685,-0.00043417581597587175,0.0004698704785108225,-0.9240329746868134,0.8222654260873817,0.35546914782523653,91,9.256250051819144
barrier_a15_k5_t50_s30,60,0.05,15,5,50,30,confirmation,30.0,144,1.5824175824175823,-20.74374994818086,-39.086837189780084,0.4722222222222222,0.31682270932956186,-8.805775920367198,-0.25282611789017984,-0.00328252746432752,0.0010651765460547964,-3.0816745604147533,0.9989708012685131,0.0020583974629738546,91,9.256250051819144
barrier_a15_k5_t50_s30,60,0.05,15,5,50,30,final,0.0,80,1.1267605633802817,6.216289358466023,-29.999999999999197,0.475,1.3946850386327612,3.552895415336034,-0.019841848228142944,0.0007004269699680024,0.0004821080418881536,1.4528423280906348,0.07313376827102551,0.14626753654205102,71,6.216289358466023
barrier_a15_k5_t50_s30,60,0.05,15,5,50,30,final,12.0,80,1.1267605633802817,-5.783710641533979,-41.9999999999992,0.45,0.7399254817678781,-3.3362598782787973,-0.0588823676231508,-0.0006516857060883357,0.00048696628984294844,-1.3382563016805762,0.9095935492999301,0.18081290140013995,71,6.216289358466023
barrier_a15_k5_t50_s30,60,0.05,15,5,50,30,final,30.0,80,1.1267605633802817,-23.78371064153398,-59.9999999999992,0.425,0.2690356832738377,-9.366037989196201,-0.1743264354372247,-0.0026798547201728434,0.000894063181805474,-2.9973885232150335,0.9986384828571798,0.002723034285640441,71,6.216289358466023
